{"entities":{"pages":{"-sqfz1h_2":{"id":"-sqfz1h_2","title":"Welcome To Underground","level":0,"pages":["Welcome","How_To_Use","About_Dr_Trinity","Underground_Rules"],"tabIndex":0},"Welcome":{"id":"Welcome","title":"Bem-vindo ao Submundo da Matemática Discreta","url":"welcome.html","level":1,"parentId":"-sqfz1h_2","tabIndex":0},"How_To_Use":{"id":"How_To_Use","title":"Como Hackear Seu Aprendizado","url":"how-to-use.html","level":1,"parentId":"-sqfz1h_2","tabIndex":1},"About_Dr_Trinity":{"id":"About_Dr_Trinity","title":"Dr. Trinity Matrix","url":"about-dr-trinity.html","level":1,"parentId":"-sqfz1h_2","tabIndex":2},"Underground_Rules":{"id":"Underground_Rules","title":"Regras do Submundo Matemático","url":"underground-rules.html","level":1,"parentId":"-sqfz1h_2","tabIndex":3},"Sets_Introduction":{"id":"Sets_Introduction","title":"Teoria dos Conjuntos","url":"sets-introduction.html","level":0,"tabIndex":1},"Sets_Basic_Concepts":{"id":"Sets_Basic_Concepts","title":"Noções de Conjuntos","url":"sets-basic-concepts.html","level":0,"tabIndex":2},"Sets_Relations":{"id":"Sets_Relations","title":"Relações Entre Conjuntos","url":"sets-relations.html","level":0,"tabIndex":3},"Sets_Operations":{"id":"Sets_Operations","title":"Operações Entre Conjuntos","url":"sets-operations.html","level":0,"tabIndex":4}}},"topLevelIds":["-sqfz1h_2","Sets_Introduction","Sets_Basic_Concepts","Sets_Relations","Sets_Operations"]}